,,p_value
__REFERENCE__,abssentrw,2.63018e-09
__REFERENCE__,BART,0.02198175
__REFERENCE__,onmt_pg,0.01335557
__REFERENCE__,seneca,3.085797e-07
BART,abssentrw,1.949304e-06
onmt_pg,abssentrw,5.103442e-06
abssentrw,seneca,0.06580463
BART,onmt_pg,0.8589515
BART,seneca,0.000565692
onmt_pg,seneca,0.00126369
__REFERENCE__,abssentrw,3.829121e-12
__REFERENCE__,BART,0.01574932
__REFERENCE__,onmt_pg,0.0005085466
__REFERENCE__,seneca,1.110181e-10
BART,abssentrw,9.321813e-08
onmt_pg,abssentrw,5.230278e-07
abssentrw,seneca,0.07727107
BART,onmt_pg,0.2449651
BART,seneca,5.322368e-05
onmt_pg,seneca,0.008541996
__REFERENCE__,abssentrw,7.545695e-09
__REFERENCE__,BART,0.00782383
__REFERENCE__,onmt_pg,0.0174222
__REFERENCE__,seneca,7.374504e-07
BART,abssentrw,4.241505e-05
onmt_pg,abssentrw,9.6955e-06
seneca,abssentrw,0.01892385
BART,onmt_pg,0.9706703
BART,seneca,0.02955003
onmt_pg,seneca,0.04401164
__REFERENCE__,abssentrw,4.183706e-07
__REFERENCE__,BART,0.1373488
__REFERENCE__,onmt_pg,0.03394725
__REFERENCE__,seneca,1.496255e-08
BART,abssentrw,3.501479e-06
onmt_pg,abssentrw,0.0004515949
abssentrw,seneca,0.4749714
BART,onmt_pg,0.3623949
BART,seneca,1.959992e-05
onmt_pg,seneca,0.004489888
__REFERENCE__,abssentrw,2.144229e-06
__REFERENCE__,BART,0.00248571
__REFERENCE__,onmt_pg,0.003260002
__REFERENCE__,seneca,3.767968e-09
BART,abssentrw,0.01043918
onmt_pg,abssentrw,0.03552319
abssentrw,seneca,0.9715412
BART,onmt_pg,0.8175157
BART,seneca,0.001598306
onmt_pg,seneca,0.005472738
__REFERENCE__,abssentrw,1.897489e-14
__REFERENCE__,BART,0.02087452
__REFERENCE__,onmt_pg,0.002714581
__REFERENCE__,seneca,1.297548e-11
BART,abssentrw,1.120309e-08
onmt_pg,abssentrw,1.631828e-06
abssentrw,seneca,0.9527043
BART,onmt_pg,0.5640025
BART,seneca,2.990319e-09
onmt_pg,seneca,4.804376e-06
__REFERENCE__,abssentrw,3.586767e-10
__REFERENCE__,BART,0.1130684
__REFERENCE__,onmt_pg,0.00309265
__REFERENCE__,seneca,6.41702e-10
BART,abssentrw,9.352035e-08
onmt_pg,abssentrw,1.089461e-07
abssentrw,seneca,0.08766597
BART,onmt_pg,0.1102225
BART,seneca,1.827294e-07
onmt_pg,seneca,2.512411e-05
__REFERENCE__,abssentrw,1.183909e-05
__REFERENCE__,BART,0.9520353
__REFERENCE__,onmt_pg,0.3615105
__REFERENCE__,seneca,0.009364904
BART,abssentrw,9.059349e-05
onmt_pg,abssentrw,1.648818e-05
seneca,abssentrw,0.02672877
BART,onmt_pg,0.3794494
BART,seneca,0.01540077
onmt_pg,seneca,0.04447091
__REFERENCE__,abssentrw,5.722449e-12
__REFERENCE__,BART,0.02830803
__REFERENCE__,onmt_pg,8.018297e-05
__REFERENCE__,seneca,7.43449e-10
BART,abssentrw,4.450901e-06
onmt_pg,abssentrw,0.0005639373
abssentrw,seneca,0.5111032
BART,onmt_pg,0.06824838
BART,seneca,2.387742e-05
onmt_pg,seneca,0.008560849
__REFERENCE__,abssentrw,6.094639e-05
__REFERENCE__,BART,0.6369282
__REFERENCE__,onmt_pg,0.001728773
__REFERENCE__,seneca,1.315197e-06
BART,abssentrw,0.0008210375
abssentrw,onmt_pg,0.06854562
abssentrw,seneca,0.7840949
BART,onmt_pg,0.009237317
BART,seneca,1.386338e-05
onmt_pg,seneca,0.03089611
__REFERENCE__,abssentrw,1.756424e-11
__REFERENCE__,BART,7.760791e-05
__REFERENCE__,onmt_pg,2.515031e-05
__REFERENCE__,seneca,1.146176e-07
BART,abssentrw,6.260694e-05
onmt_pg,abssentrw,5.961638e-05
seneca,abssentrw,0.004606974
BART,onmt_pg,0.5353167
BART,seneca,0.1374636
onmt_pg,seneca,0.3716757
__REFERENCE__,abssentrw,3.332392e-11
__REFERENCE__,BART,0.03577773
__REFERENCE__,onmt_pg,0.06159601
__REFERENCE__,seneca,5.855922e-09
BART,abssentrw,1.976927e-05
onmt_pg,abssentrw,0.0002099818
abssentrw,seneca,0.05373267
BART,onmt_pg,0.9963178
BART,seneca,0.0004208191
onmt_pg,seneca,0.002747981
__REFERENCE__,abssentrw,1.371941e-12
__REFERENCE__,BART,0.01098936
__REFERENCE__,onmt_pg,0.0008900583
__REFERENCE__,seneca,1.611964e-08
BART,abssentrw,4.392827e-06
onmt_pg,abssentrw,0.0001541237
abssentrw,seneca,0.3794729
BART,onmt_pg,0.4944718
BART,seneca,4.759098e-05
onmt_pg,seneca,0.004747849
__REFERENCE__,abssentrw,1.016696e-12
__REFERENCE__,BART,0.3387805
__REFERENCE__,onmt_pg,0.003450542
__REFERENCE__,seneca,7.44681e-09
BART,abssentrw,5.343106e-10
onmt_pg,abssentrw,4.663945e-07
seneca,abssentrw,0.03513528
BART,onmt_pg,0.04910792
BART,seneca,1.653201e-06
onmt_pg,seneca,0.002298767
__REFERENCE__,abssentrw,4.953314e-14
__REFERENCE__,BART,0.004696119
__REFERENCE__,onmt_pg,0.01008932
__REFERENCE__,seneca,7.613901e-08
BART,abssentrw,1.77866e-07
onmt_pg,abssentrw,5.067933e-06
abssentrw,seneca,0.09350237
BART,onmt_pg,0.9870021
BART,seneca,0.0003907224
onmt_pg,seneca,0.0003206358
__REFERENCE__,abssentrw,2.726335e-12
__REFERENCE__,BART,0.03869021
__REFERENCE__,onmt_pg,0.02470626
__REFERENCE__,seneca,9.351626e-06
BART,abssentrw,3.62868e-11
onmt_pg,abssentrw,4.451043e-10
seneca,abssentrw,0.0007604408
BART,onmt_pg,0.7649811
BART,seneca,0.0006042423
onmt_pg,seneca,0.001767509
__REFERENCE__,abssentrw,6.481273e-12
__REFERENCE__,BART,0.09136944
__REFERENCE__,onmt_pg,0.001398676
__REFERENCE__,seneca,1.240436e-10
BART,abssentrw,6.433314e-07
onmt_pg,abssentrw,0.0001654082
abssentrw,seneca,0.4345734
BART,onmt_pg,0.096674
BART,seneca,5.538755e-07
onmt_pg,seneca,0.0006366417
__REFERENCE__,abssentrw,1.902232e-17
__REFERENCE__,BART,0.001461859
__REFERENCE__,onmt_pg,0.004480725
__REFERENCE__,seneca,1.985156e-12
BART,abssentrw,5.191374e-12
onmt_pg,abssentrw,7.365567e-14
seneca,abssentrw,0.0003669944
BART,onmt_pg,0.8198184
BART,seneca,8.274511e-06
onmt_pg,seneca,2.771799e-06
__REFERENCE__,abssentrw,3.101557e-07
__REFERENCE__,BART,0.0541382
__REFERENCE__,onmt_pg,0.0009920679
__REFERENCE__,seneca,4.225203e-08
BART,abssentrw,0.000658499
onmt_pg,abssentrw,0.01124258
abssentrw,seneca,0.7038746
BART,onmt_pg,0.1145843
BART,seneca,2.449427e-05
onmt_pg,seneca,0.002364812
__REFERENCE__,abssentrw,5.365189e-11
__REFERENCE__,BART,0.01443357
__REFERENCE__,onmt_pg,0.01683714
__REFERENCE__,seneca,1.616478e-06
BART,abssentrw,3.007851e-05
onmt_pg,abssentrw,2.01327e-08
abssentrw,seneca,0.1042172
BART,onmt_pg,0.7343218
BART,seneca,0.004404535
onmt_pg,seneca,0.004234046
__REFERENCE__,abssentrw,6.464481e-08
__REFERENCE__,BART,0.08907608
__REFERENCE__,onmt_pg,0.0005321734
__REFERENCE__,seneca,8.356873e-09
BART,abssentrw,0.0002088521
onmt_pg,abssentrw,0.02257315
abssentrw,seneca,0.870506
BART,onmt_pg,0.03732949
BART,seneca,5.008247e-05
onmt_pg,seneca,0.01364811
__REFERENCE__,abssentrw,2.607042e-16
__REFERENCE__,BART,0.4049082
__REFERENCE__,onmt_pg,0.0008564428
__REFERENCE__,seneca,5.182542e-08
BART,abssentrw,1.748892e-09
onmt_pg,abssentrw,4.175093e-07
seneca,abssentrw,0.005786153
BART,onmt_pg,0.02497198
BART,seneca,5.876766e-07
onmt_pg,seneca,0.01124145
__REFERENCE__,abssentrw,1.163521e-07
__REFERENCE__,BART,0.3291959
__REFERENCE__,onmt_pg,0.04910756
__REFERENCE__,seneca,4.80597e-07
BART,abssentrw,2.484805e-06
onmt_pg,abssentrw,1.088372e-05
abssentrw,seneca,0.08513318
BART,onmt_pg,0.3108306
BART,seneca,6.834312e-05
onmt_pg,seneca,0.001610451
__REFERENCE__,abssentrw,3.536171e-08
__REFERENCE__,BART,0.0284481
__REFERENCE__,onmt_pg,0.01241821
__REFERENCE__,seneca,6.107257e-05
BART,abssentrw,0.000112327
onmt_pg,abssentrw,0.0004218529
abssentrw,seneca,0.1918217
BART,onmt_pg,0.5298112
BART,seneca,0.006661543
onmt_pg,seneca,0.02008978
__REFERENCE__,abssentrw,1.260585e-08
__REFERENCE__,BART,0.1646753
__REFERENCE__,onmt_pg,0.02112821
__REFERENCE__,seneca,1.047499e-08
BART,abssentrw,6.598409e-08
onmt_pg,abssentrw,5.084978e-06
abssentrw,seneca,0.3121598
BART,onmt_pg,0.2974113
BART,seneca,2.654254e-05
onmt_pg,seneca,0.0005920087
__REFERENCE__,abssentrw,8.639479e-10
__REFERENCE__,BART,0.1525294
__REFERENCE__,onmt_pg,0.004472246
__REFERENCE__,seneca,5.734618e-08
BART,abssentrw,8.692277e-05
onmt_pg,abssentrw,0.0001824538
abssentrw,seneca,0.3114521
BART,onmt_pg,0.2079432
BART,seneca,4.092837e-05
onmt_pg,seneca,0.0009175738
__REFERENCE__,abssentrw,4.804894e-08
__REFERENCE__,BART,0.6159036
__REFERENCE__,onmt_pg,0.03103379
__REFERENCE__,seneca,3.646241e-07
BART,abssentrw,2.544633e-09
onmt_pg,abssentrw,5.512533e-07
abssentrw,seneca,0.1210794
BART,onmt_pg,0.03749343
BART,seneca,1.263138e-07
onmt_pg,seneca,0.001126327
__REFERENCE__,abssentrw,6.50231e-11
__REFERENCE__,BART,0.006766972
__REFERENCE__,onmt_pg,0.000428833
__REFERENCE__,seneca,4.009474e-14
BART,abssentrw,2.020157e-08
onmt_pg,abssentrw,5.51455e-07
abssentrw,seneca,0.4693825
BART,onmt_pg,0.3760964
BART,seneca,2.907098e-07
onmt_pg,seneca,5.483085e-06
__REFERENCE__,abssentrw,3.07684e-15
__REFERENCE__,BART,0.008298954
__REFERENCE__,onmt_pg,0.001787643
__REFERENCE__,seneca,2.018016e-09
BART,abssentrw,4.323932e-06
onmt_pg,abssentrw,4.156671e-08
abssentrw,seneca,0.05492879
BART,onmt_pg,0.7636951
BART,seneca,5.272106e-05
onmt_pg,seneca,0.0002691422
__REFERENCE__,abssentrw,3.000463e-10
__REFERENCE__,BART,0.04817397
__REFERENCE__,onmt_pg,0.05666501
__REFERENCE__,seneca,1.143433e-07
BART,abssentrw,2.821692e-07
onmt_pg,abssentrw,1.914556e-07
abssentrw,seneca,0.2437165
BART,onmt_pg,0.9490071
BART,seneca,0.000419645
onmt_pg,seneca,8.947006e-05
__REFERENCE__,abssentrw,1.020449e-07
__REFERENCE__,BART,0.2782978
__REFERENCE__,onmt_pg,0.04587891
__REFERENCE__,seneca,2.601414e-06
BART,abssentrw,3.318076e-07
onmt_pg,abssentrw,5.506453e-05
abssentrw,seneca,0.6185246
BART,onmt_pg,0.2691472
BART,seneca,3.025014e-05
onmt_pg,seneca,0.0005047305
__REFERENCE__,abssentrw,3.365378e-12
__REFERENCE__,BART,0.3119914
__REFERENCE__,onmt_pg,0.001876224
__REFERENCE__,seneca,8.915862e-07
BART,abssentrw,6.280122e-10
onmt_pg,abssentrw,5.715804e-07
seneca,abssentrw,0.001423182
BART,onmt_pg,0.03400772
BART,seneca,9.848035e-06
onmt_pg,seneca,0.01356722
__REFERENCE__,abssentrw,2.184657e-08
__REFERENCE__,BART,0.01970993
__REFERENCE__,onmt_pg,0.1112598
__REFERENCE__,seneca,9.072295e-05
BART,abssentrw,0.0001203525
onmt_pg,abssentrw,3.874616e-06
seneca,abssentrw,0.003967343
BART,onmt_pg,0.4153378
BART,seneca,0.1164662
onmt_pg,seneca,0.01691966
__REFERENCE__,abssentrw,7.31933e-11
__REFERENCE__,BART,0.007672879
__REFERENCE__,onmt_pg,5.904458e-05
__REFERENCE__,seneca,1.606473e-12
BART,abssentrw,0.0002194736
onmt_pg,abssentrw,0.005468873
abssentrw,seneca,0.6213546
BART,onmt_pg,0.2410531
BART,seneca,6.481991e-06
onmt_pg,seneca,0.0005346139
__REFERENCE__,abssentrw,4.022031e-12
__REFERENCE__,BART,0.2141121
__REFERENCE__,onmt_pg,0.0007389714
__REFERENCE__,seneca,3.188688e-07
BART,abssentrw,1.669203e-06
onmt_pg,abssentrw,5.940076e-05
abssentrw,seneca,0.0944627
BART,onmt_pg,0.03747236
BART,seneca,2.171825e-06
onmt_pg,seneca,0.004126416
__REFERENCE__,abssentrw,3.533744e-08
__REFERENCE__,BART,0.04362037
__REFERENCE__,onmt_pg,0.00295558
__REFERENCE__,seneca,6.510478e-07
BART,abssentrw,3.449616e-06
onmt_pg,abssentrw,6.917388e-05
abssentrw,seneca,0.1420212
BART,onmt_pg,0.2160435
BART,seneca,0.0001198335
onmt_pg,seneca,0.006566442
__REFERENCE__,abssentrw,1.238483e-09
__REFERENCE__,BART,0.8779359
__REFERENCE__,onmt_pg,0.05773138
__REFERENCE__,seneca,1.804053e-08
BART,abssentrw,8.043847e-07
onmt_pg,abssentrw,4.339161e-05
abssentrw,seneca,0.2174223
BART,onmt_pg,0.08648863
BART,seneca,9.040798e-08
onmt_pg,seneca,0.0003133464
__REFERENCE__,abssentrw,1.485729e-06
__REFERENCE__,BART,0.2648749
__REFERENCE__,onmt_pg,0.09558553
__REFERENCE__,seneca,2.155517e-05
BART,abssentrw,0.0001572439
onmt_pg,abssentrw,0.0001567788
abssentrw,seneca,0.1582461
BART,onmt_pg,0.5237951
BART,seneca,0.0005806301
onmt_pg,seneca,0.001919491
__REFERENCE__,abssentrw,2.290665e-10
__REFERENCE__,BART,0.4602574
__REFERENCE__,onmt_pg,0.01463879
__REFERENCE__,seneca,1.285088e-07
BART,abssentrw,1.104056e-08
onmt_pg,abssentrw,2.117451e-06
abssentrw,seneca,0.2854616
BART,onmt_pg,0.08006945
BART,seneca,4.755354e-06
onmt_pg,seneca,0.00029638
__REFERENCE__,abssentrw,6.409468e-14
__REFERENCE__,BART,0.001155131
__REFERENCE__,onmt_pg,3.078012e-05
__REFERENCE__,seneca,1.64252e-07
BART,abssentrw,2.825368e-07
onmt_pg,abssentrw,1.834643e-05
seneca,abssentrw,0.0008792556
BART,onmt_pg,0.3637092
BART,seneca,0.03328328
onmt_pg,seneca,0.2111798
__REFERENCE__,abssentrw,2.119943e-13
__REFERENCE__,BART,0.00308822
__REFERENCE__,onmt_pg,0.00262875
__REFERENCE__,seneca,1.138018e-09
BART,abssentrw,7.251473e-08
onmt_pg,abssentrw,2.642579e-09
seneca,abssentrw,0.02933001
BART,onmt_pg,0.9337727
BART,seneca,1.553149e-05
onmt_pg,seneca,2.010952e-05
__REFERENCE__,abssentrw,1.291256e-09
__REFERENCE__,BART,0.4107697
__REFERENCE__,onmt_pg,0.001121484
__REFERENCE__,seneca,1.214852e-11
BART,abssentrw,1.947035e-07
onmt_pg,abssentrw,7.616376e-05
abssentrw,seneca,0.3895594
BART,onmt_pg,0.01348211
BART,seneca,2.533216e-08
onmt_pg,seneca,0.0009006526
__REFERENCE__,abssentrw,1.45638e-13
__REFERENCE__,BART,0.003355418
__REFERENCE__,onmt_pg,0.000527845
__REFERENCE__,seneca,3.199331e-06
BART,abssentrw,0.0006409539
onmt_pg,abssentrw,5.287998e-05
seneca,abssentrw,0.04909753
BART,onmt_pg,0.9600114
BART,seneca,0.06520066
onmt_pg,seneca,0.09331837
__REFERENCE__,abssentrw,3.056137e-10
__REFERENCE__,BART,0.0975903
__REFERENCE__,onmt_pg,0.002028769
__REFERENCE__,seneca,1.252894e-05
BART,abssentrw,9.440552e-08
onmt_pg,abssentrw,5.092754e-06
seneca,abssentrw,0.0009985748
BART,onmt_pg,0.1402369
BART,seneca,0.00264659
onmt_pg,seneca,0.1021093
__REFERENCE__,abssentrw,1.589035e-08
__REFERENCE__,BART,0.2754394
__REFERENCE__,onmt_pg,0.02267539
__REFERENCE__,seneca,1.424269e-09
BART,abssentrw,3.243486e-05
onmt_pg,abssentrw,0.0123655
abssentrw,seneca,0.5855785
BART,onmt_pg,0.1181136
BART,seneca,4.576105e-06
onmt_pg,seneca,0.005735097
__REFERENCE__,abssentrw,4.192162e-07
__REFERENCE__,BART,0.1201606
__REFERENCE__,onmt_pg,0.01984835
__REFERENCE__,seneca,5.411128e-06
BART,abssentrw,4.513523e-07
onmt_pg,abssentrw,3.012719e-05
abssentrw,seneca,0.07418982
BART,onmt_pg,0.348506
BART,seneca,0.0008331868
onmt_pg,seneca,0.01603
__REFERENCE__,abssentrw,9.393743e-10
__REFERENCE__,BART,0.006433547
__REFERENCE__,onmt_pg,0.001432099
__REFERENCE__,seneca,7.067773e-09
BART,abssentrw,4.080109e-05
onmt_pg,abssentrw,0.000244646
abssentrw,seneca,0.916376
BART,onmt_pg,0.6339221
BART,seneca,0.0001262919
onmt_pg,seneca,0.0003557913
__REFERENCE__,abssentrw,2.709901e-10
__REFERENCE__,BART,0.08897018
__REFERENCE__,onmt_pg,7.991661e-05
__REFERENCE__,seneca,3.973128e-07
BART,abssentrw,2.802807e-08
onmt_pg,abssentrw,0.003023101
seneca,abssentrw,0.02998214
BART,onmt_pg,0.02475299
BART,seneca,0.0004317002
onmt_pg,seneca,0.2625773
__REFERENCE__,abssentrw,7.683521e-11
__REFERENCE__,BART,0.07548417
__REFERENCE__,onmt_pg,4.373257e-05
__REFERENCE__,seneca,1.023491e-09
BART,abssentrw,7.65213e-09
onmt_pg,abssentrw,0.0001035521
abssentrw,seneca,0.2445464
BART,onmt_pg,0.007371303
BART,seneca,7.820536e-06
onmt_pg,seneca,0.0379625
__REFERENCE__,abssentrw,1.054615e-05
__REFERENCE__,BART,0.04609396
__REFERENCE__,onmt_pg,0.1184735
__REFERENCE__,seneca,0.002170451
BART,abssentrw,0.00480753
onmt_pg,abssentrw,8.283948e-05
abssentrw,seneca,0.09652228
BART,onmt_pg,0.6719363
BART,seneca,0.09101942
onmt_pg,seneca,0.03390195
__REFERENCE__,abssentrw,2.936508e-13
__REFERENCE__,BART,0.01226658
__REFERENCE__,onmt_pg,1.746754e-08
__REFERENCE__,seneca,1.639605e-11
BART,abssentrw,0.0001284799
onmt_pg,abssentrw,0.02168653
abssentrw,seneca,0.05763244
BART,onmt_pg,0.005153101
BART,seneca,0.0008950044
onmt_pg,seneca,0.4175244
__REFERENCE__,abssentrw,3.425913e-10
__REFERENCE__,BART,0.05711933
__REFERENCE__,onmt_pg,0.006612592
__REFERENCE__,seneca,9.368748e-09
BART,abssentrw,8.013657e-07
onmt_pg,abssentrw,2.729235e-05
abssentrw,seneca,0.09710967
BART,onmt_pg,0.3604849
BART,seneca,5.832559e-05
onmt_pg,seneca,0.00232498
__REFERENCE__,abssentrw,2.387888e-09
__REFERENCE__,BART,0.00202135
__REFERENCE__,onmt_pg,0.01877289
__REFERENCE__,seneca,1.507252e-06
BART,abssentrw,2.229987e-06
onmt_pg,abssentrw,2.895935e-08
seneca,abssentrw,0.006949894
BART,onmt_pg,0.7660052
BART,seneca,0.005662696
onmt_pg,seneca,0.001059984
__REFERENCE__,abssentrw,1.334925e-11
__REFERENCE__,BART,0.103783
__REFERENCE__,onmt_pg,3.109419e-05
__REFERENCE__,seneca,1.56497e-10
BART,abssentrw,3.848556e-06
onmt_pg,abssentrw,6.464899e-05
abssentrw,seneca,0.2684551
BART,onmt_pg,0.01992204
BART,seneca,1.11141e-06
onmt_pg,seneca,0.002162595
__REFERENCE__,abssentrw,3.338151e-09
__REFERENCE__,BART,0.00375298
__REFERENCE__,onmt_pg,0.0006685411
__REFERENCE__,seneca,8.492773e-10
BART,abssentrw,0.00199597
onmt_pg,abssentrw,0.0006385032
abssentrw,seneca,0.7810711
BART,onmt_pg,0.6572626
BART,seneca,0.0001972253
onmt_pg,seneca,0.003285822
__REFERENCE__,abssentrw,8.247065e-07
__REFERENCE__,BART,0.2784349
__REFERENCE__,onmt_pg,0.01207376
__REFERENCE__,seneca,9.17712e-08
BART,abssentrw,0.0001294677
onmt_pg,abssentrw,0.0006136139
abssentrw,seneca,0.4768209
BART,onmt_pg,0.1520096
BART,seneca,1.081425e-05
onmt_pg,seneca,0.002103052
__REFERENCE__,abssentrw,1.496024e-09
__REFERENCE__,BART,0.006118559
__REFERENCE__,onmt_pg,0.02075633
__REFERENCE__,seneca,1.147846e-06
BART,abssentrw,0.000232031
onmt_pg,abssentrw,2.847259e-05
abssentrw,seneca,0.228615
BART,onmt_pg,0.6674081
BART,seneca,0.02376417
onmt_pg,seneca,0.002604906
__REFERENCE__,abssentrw,5.495763e-10
__REFERENCE__,BART,0.7866496
__REFERENCE__,onmt_pg,0.05637123
__REFERENCE__,seneca,8.085994e-07
BART,abssentrw,8.123099e-07
onmt_pg,abssentrw,1.960294e-05
abssentrw,seneca,0.3150409
BART,onmt_pg,0.1223145
BART,seneca,3.731002e-06
onmt_pg,seneca,0.002443569
__REFERENCE__,abssentrw,2.86706e-10
__REFERENCE__,BART,0.1494725
__REFERENCE__,onmt_pg,0.01742246
__REFERENCE__,seneca,3.768516e-06
BART,abssentrw,1.841946e-09
onmt_pg,abssentrw,6.935615e-07
seneca,abssentrw,0.02389288
BART,onmt_pg,0.1880011
BART,seneca,1.480382e-05
onmt_pg,seneca,0.001690651
__REFERENCE__,abssentrw,1.409477e-08
__REFERENCE__,BART,0.09376603
__REFERENCE__,onmt_pg,0.02311086
__REFERENCE__,seneca,0.0003340687
BART,abssentrw,0.0002637824
onmt_pg,abssentrw,0.0005310437
seneca,abssentrw,0.01103741
BART,onmt_pg,0.5995815
BART,seneca,0.09832226
onmt_pg,seneca,0.2049185
__REFERENCE__,abssentrw,7.77364e-13
__REFERENCE__,BART,0.01978573
__REFERENCE__,onmt_pg,1.432087e-06
__REFERENCE__,seneca,1.024125e-09
BART,abssentrw,8.994014e-06
onmt_pg,abssentrw,0.00172872
abssentrw,seneca,0.3077677
BART,onmt_pg,0.01195991
BART,seneca,7.313043e-05
onmt_pg,seneca,0.02840642
__REFERENCE__,abssentrw,2.191884e-08
__REFERENCE__,BART,0.1525931
__REFERENCE__,onmt_pg,0.005858674
__REFERENCE__,seneca,3.693086e-07
BART,abssentrw,6.429711e-08
onmt_pg,abssentrw,1.096019e-05
abssentrw,seneca,0.06288311
BART,onmt_pg,0.1750902
BART,seneca,5.15786e-05
onmt_pg,seneca,0.006394944
__REFERENCE__,abssentrw,1.424913e-09
__REFERENCE__,BART,0.2608428
__REFERENCE__,onmt_pg,0.01331437
__REFERENCE__,seneca,4.910425e-08
BART,abssentrw,7.841003e-07
onmt_pg,abssentrw,0.001528003
abssentrw,seneca,0.6122775
BART,onmt_pg,0.1075318
BART,seneca,1.80568e-06
onmt_pg,seneca,0.001236469
__REFERENCE__,abssentrw,2.276e-14
__REFERENCE__,BART,0.01911303
__REFERENCE__,onmt_pg,4.225717e-05
__REFERENCE__,seneca,1.066469e-07
BART,abssentrw,2.543272e-07
onmt_pg,abssentrw,3.725948e-05
abssentrw,seneca,0.2299945
BART,onmt_pg,0.074358
BART,seneca,0.0007006046
onmt_pg,seneca,0.02673853
__REFERENCE__,abssentrw,1.710758e-12
__REFERENCE__,BART,0.0698722
__REFERENCE__,onmt_pg,6.893277e-05
__REFERENCE__,seneca,6.18558e-12
BART,abssentrw,1.154822e-07
onmt_pg,abssentrw,0.0001546796
abssentrw,seneca,0.3999947
BART,onmt_pg,0.01915975
BART,seneca,2.390152e-08
onmt_pg,seneca,0.001269929
__REFERENCE__,abssentrw,1.208467e-12
__REFERENCE__,BART,0.3864228
__REFERENCE__,onmt_pg,0.0255322
__REFERENCE__,seneca,1.867962e-06
BART,abssentrw,6.21392e-10
onmt_pg,abssentrw,1.566119e-05
abssentrw,seneca,0.1960692
BART,onmt_pg,0.1208535
BART,seneca,4.35645e-06
onmt_pg,seneca,0.001188604
__REFERENCE__,abssentrw,3.049048e-08
__REFERENCE__,BART,0.006572255
__REFERENCE__,onmt_pg,0.0002082787
__REFERENCE__,seneca,1.699158e-10
BART,abssentrw,9.776539e-07
onmt_pg,abssentrw,0.0002102583
abssentrw,seneca,0.6671219
BART,onmt_pg,0.187531
BART,seneca,8.514335e-08
onmt_pg,seneca,9.168737e-06
__REFERENCE__,abssentrw,6.506868e-12
__REFERENCE__,BART,0.1311527
__REFERENCE__,onmt_pg,0.0004224287
__REFERENCE__,seneca,5.171774e-08
BART,abssentrw,1.856827e-10
onmt_pg,abssentrw,3.992329e-05
abssentrw,seneca,0.1802659
BART,onmt_pg,0.01721151
BART,seneca,1.739055e-06
onmt_pg,seneca,0.002066549
__REFERENCE__,abssentrw,6.574607e-09
__REFERENCE__,BART,0.03742689
__REFERENCE__,onmt_pg,0.06665491
__REFERENCE__,seneca,1.628778e-05
BART,abssentrw,4.938524e-05
onmt_pg,abssentrw,3.028396e-06
abssentrw,seneca,0.3092763
BART,onmt_pg,0.8663224
BART,seneca,0.01110995
onmt_pg,seneca,0.001326135
__REFERENCE__,abssentrw,1.796482e-07
__REFERENCE__,BART,0.02042113
__REFERENCE__,onmt_pg,5.384471e-05
__REFERENCE__,seneca,7.006382e-13
BART,abssentrw,0.0009640953
abssentrw,onmt_pg,0.08861374
abssentrw,seneca,0.1211301
BART,onmt_pg,0.09734786
BART,seneca,3.484942e-07
onmt_pg,seneca,0.0004614904
__REFERENCE__,abssentrw,4.123433e-09
__REFERENCE__,BART,0.02357244
__REFERENCE__,onmt_pg,0.004392061
__REFERENCE__,seneca,6.572425e-09
BART,abssentrw,5.224665e-07
onmt_pg,abssentrw,3.360242e-06
abssentrw,seneca,0.3752507
BART,onmt_pg,0.3562738
BART,seneca,4.44556e-05
onmt_pg,seneca,0.002150091
__REFERENCE__,abssentrw,2.18267e-17
__REFERENCE__,BART,0.02253683
__REFERENCE__,onmt_pg,3.801756e-05
__REFERENCE__,seneca,2.449298e-08
BART,abssentrw,3.960966e-11
onmt_pg,abssentrw,4.738836e-07
seneca,abssentrw,0.001114695
BART,onmt_pg,0.04376621
BART,seneca,0.0004025917
onmt_pg,seneca,0.1033246
__REFERENCE__,abssentrw,1.002616e-10
__REFERENCE__,BART,0.01861397
__REFERENCE__,onmt_pg,4.613067e-05
__REFERENCE__,seneca,6.301327e-09
BART,abssentrw,6.372621e-07
onmt_pg,abssentrw,0.0007942486
abssentrw,seneca,0.2466872
BART,onmt_pg,0.06905648
BART,seneca,1.872854e-05
onmt_pg,seneca,0.01361309
__REFERENCE__,abssentrw,2.628175e-09
__REFERENCE__,BART,0.3227982
__REFERENCE__,onmt_pg,0.007487381
__REFERENCE__,seneca,3.150886e-05
BART,abssentrw,3.156636e-06
onmt_pg,abssentrw,0.0003705939
seneca,abssentrw,0.03682624
BART,onmt_pg,0.1018607
BART,seneca,0.0001663538
onmt_pg,seneca,0.04659421
__REFERENCE__,abssentrw,3.797485e-13
__REFERENCE__,BART,0.2730733
__REFERENCE__,onmt_pg,0.0008978513
__REFERENCE__,seneca,1.510507e-09
BART,abssentrw,5.84416e-11
onmt_pg,abssentrw,2.744933e-06
abssentrw,seneca,0.2468405
BART,onmt_pg,0.00821769
BART,seneca,1.237996e-08
onmt_pg,seneca,0.0008084995
__REFERENCE__,abssentrw,5.130503e-14
__REFERENCE__,BART,0.001594438
__REFERENCE__,onmt_pg,0.0002225375
__REFERENCE__,seneca,2.875008e-07
BART,abssentrw,1.478051e-05
onmt_pg,abssentrw,2.530321e-05
seneca,abssentrw,0.02608758
BART,onmt_pg,0.5806451
BART,seneca,0.02843471
onmt_pg,seneca,0.0494922
__REFERENCE__,abssentrw,3.263754e-09
__REFERENCE__,BART,0.1663163
__REFERENCE__,onmt_pg,0.0006101663
__REFERENCE__,seneca,3.30822e-09
BART,abssentrw,1.197433e-06
onmt_pg,abssentrw,0.004769464
abssentrw,seneca,0.9951363
BART,onmt_pg,0.009568119
BART,seneca,2.841873e-06
onmt_pg,seneca,0.005282754
__REFERENCE__,abssentrw,1.0
__REFERENCE__,BART,1.0
__REFERENCE__,onmt_pg,1.0
__REFERENCE__,seneca,1.0
abssentrw,BART,1.0
abssentrw,onmt_pg,1.0
abssentrw,seneca,1.0
BART,onmt_pg,1.0
BART,seneca,1.0
onmt_pg,seneca,1.0
__REFERENCE__,abssentrw,2.535356e-10
__REFERENCE__,BART,0.07446931
__REFERENCE__,onmt_pg,4.531692e-05
__REFERENCE__,seneca,5.053153e-06
BART,abssentrw,1.057747e-08
onmt_pg,abssentrw,0.002153179
abssentrw,seneca,0.0974744
BART,onmt_pg,0.003393967
BART,seneca,0.0002629943
onmt_pg,seneca,0.2489163
__REFERENCE__,abssentrw,3.445038e-14
__REFERENCE__,BART,0.01307781
__REFERENCE__,onmt_pg,2.291352e-06
__REFERENCE__,seneca,1.404932e-08
BART,abssentrw,5.921958e-07
onmt_pg,abssentrw,0.001089789
abssentrw,seneca,0.1236077
BART,onmt_pg,0.01830894
BART,seneca,0.00016467
onmt_pg,seneca,0.1225232
__REFERENCE__,abssentrw,7.475842e-07
__REFERENCE__,BART,0.02702155
__REFERENCE__,onmt_pg,0.1179411
__REFERENCE__,seneca,1.300688e-05
BART,abssentrw,1.422482e-05
onmt_pg,abssentrw,1.428832e-06
abssentrw,seneca,0.4963466
BART,onmt_pg,0.5191504
BART,seneca,0.0008447602
onmt_pg,seneca,6.954429e-06
__REFERENCE__,abssentrw,4.43035e-12
__REFERENCE__,BART,0.0183397
__REFERENCE__,onmt_pg,0.0002545357
__REFERENCE__,seneca,1.181446e-07
BART,abssentrw,1.859764e-07
onmt_pg,abssentrw,0.0002424075
abssentrw,seneca,0.155404
BART,onmt_pg,0.1130335
BART,seneca,5.583457e-05
onmt_pg,seneca,0.007127606
__REFERENCE__,abssentrw,1.849298e-12
__REFERENCE__,BART,0.007422306
__REFERENCE__,onmt_pg,0.00242041
__REFERENCE__,seneca,3.3514e-10
BART,abssentrw,0.0003307228
onmt_pg,abssentrw,0.0004157219
abssentrw,seneca,0.9856668
BART,onmt_pg,0.813138
BART,seneca,4.774563e-06
onmt_pg,seneca,8.478627e-05
__REFERENCE__,abssentrw,8.660235e-07
__REFERENCE__,BART,0.007652883
__REFERENCE__,onmt_pg,0.01100561
__REFERENCE__,seneca,4.890355e-06
BART,abssentrw,0.001878623
onmt_pg,abssentrw,0.003090537
abssentrw,seneca,0.216789
BART,onmt_pg,0.8509627
BART,seneca,0.0121007
onmt_pg,seneca,0.025684
__REFERENCE__,abssentrw,5.320098e-16
__REFERENCE__,BART,0.0112215
__REFERENCE__,onmt_pg,5.784181e-05
__REFERENCE__,seneca,1.617296e-06
BART,abssentrw,1.464119e-09
onmt_pg,abssentrw,6.913469e-06
seneca,abssentrw,0.003946164
BART,onmt_pg,0.06207447
BART,seneca,0.003083595
onmt_pg,seneca,0.1337587
__REFERENCE__,abssentrw,3.248984e-14
__REFERENCE__,BART,0.04909761
__REFERENCE__,onmt_pg,0.0006713453
__REFERENCE__,seneca,4.378658e-07
BART,abssentrw,2.495917e-08
onmt_pg,abssentrw,4.067271e-05
abssentrw,seneca,0.08197078
BART,onmt_pg,0.1021541
BART,seneca,0.0001010462
onmt_pg,seneca,0.01536428
__REFERENCE__,abssentrw,1.160807e-08
__REFERENCE__,BART,0.04014375
__REFERENCE__,onmt_pg,0.0002317237
__REFERENCE__,seneca,1.20613e-06
BART,abssentrw,9.651733e-05
onmt_pg,abssentrw,0.004991096
abssentrw,seneca,0.1713082
BART,onmt_pg,0.0947145
BART,seneca,0.00788186
onmt_pg,seneca,0.2129023
__REFERENCE__,abssentrw,8.579028e-17
__REFERENCE__,BART,0.01161115
__REFERENCE__,onmt_pg,0.0002229657
__REFERENCE__,seneca,2.332938e-08
BART,abssentrw,1.162742e-06
onmt_pg,abssentrw,1.9133e-07
seneca,abssentrw,0.01740092
BART,onmt_pg,0.3922471
BART,seneca,0.002169506
onmt_pg,seneca,0.01019295
__REFERENCE__,abssentrw,4.701246e-10
__REFERENCE__,BART,0.0006220992
__REFERENCE__,onmt_pg,0.002826172
__REFERENCE__,seneca,1.328024e-05
BART,abssentrw,0.0001339012
onmt_pg,abssentrw,0.0004877316
abssentrw,seneca,0.1176685
BART,onmt_pg,0.8258735
BART,seneca,0.05669191
onmt_pg,seneca,0.07823942
__REFERENCE__,abssentrw,2.59894e-06
__REFERENCE__,BART,0.07802473
__REFERENCE__,onmt_pg,0.03473051
__REFERENCE__,seneca,2.477036e-08
BART,abssentrw,6.594311e-05
onmt_pg,abssentrw,7.432616e-05
abssentrw,seneca,0.7509389
BART,onmt_pg,0.5363737
BART,seneca,0.0001361436
onmt_pg,seneca,0.001283994
__REFERENCE__,abssentrw,2.521532e-11
__REFERENCE__,BART,0.01007317
__REFERENCE__,onmt_pg,7.855382e-05
__REFERENCE__,seneca,3.074486e-12
BART,abssentrw,4.259882e-07
onmt_pg,abssentrw,0.0001705816
abssentrw,seneca,0.6144333
BART,onmt_pg,0.1439474
BART,seneca,1.199408e-06
onmt_pg,seneca,0.0003343574
__REFERENCE__,abssentrw,1.612386e-06
__REFERENCE__,BART,0.2211392
__REFERENCE__,onmt_pg,0.000913413
__REFERENCE__,seneca,3.023445e-06
BART,abssentrw,0.000210457
onmt_pg,abssentrw,0.0124685
abssentrw,seneca,0.5588349
BART,onmt_pg,0.06754012
BART,seneca,4.733948e-05
onmt_pg,seneca,0.06340486
__REFERENCE__,abssentrw,6.611627e-13
__REFERENCE__,BART,0.03717215
__REFERENCE__,onmt_pg,0.005628184
__REFERENCE__,seneca,7.227774e-10
BART,abssentrw,2.603127e-09
onmt_pg,abssentrw,1.759959e-07
abssentrw,seneca,0.08537212
BART,onmt_pg,0.2783273
BART,seneca,9.982508e-07
onmt_pg,seneca,4.29227e-05
__REFERENCE__,abssentrw,7.10452e-06
__REFERENCE__,BART,0.02257009
__REFERENCE__,onmt_pg,0.1226243
__REFERENCE__,seneca,1.995327e-05
BART,abssentrw,0.002796229
onmt_pg,abssentrw,2.222215e-05
abssentrw,seneca,0.2286624
BART,onmt_pg,0.4545763
BART,seneca,0.006493081
onmt_pg,seneca,0.0005836722
__REFERENCE__,abssentrw,8.207045e-12
__REFERENCE__,BART,0.0002321337
__REFERENCE__,onmt_pg,4.468267e-07
__REFERENCE__,seneca,4.014443e-12
BART,abssentrw,0.0003332163
onmt_pg,abssentrw,0.03195008
abssentrw,seneca,0.5296949
BART,onmt_pg,0.06716746
BART,seneca,0.0001356303
onmt_pg,seneca,0.05332378
__REFERENCE__,abssentrw,2.268157e-10
__REFERENCE__,BART,0.0847236
__REFERENCE__,onmt_pg,0.01671887
__REFERENCE__,seneca,5.601615e-09
BART,abssentrw,9.265532e-05
onmt_pg,abssentrw,0.000521613
abssentrw,seneca,0.3939523
BART,onmt_pg,0.4734602
BART,seneca,7.272301e-05
onmt_pg,seneca,0.0009304935
__REFERENCE__,abssentrw,1.8304e-11
__REFERENCE__,BART,0.007433024
__REFERENCE__,onmt_pg,0.002889606
__REFERENCE__,seneca,4.692186e-10
BART,abssentrw,7.165925e-07
onmt_pg,abssentrw,2.463973e-06
abssentrw,seneca,0.1293827
BART,onmt_pg,0.7213992
BART,seneca,5.645832e-06
onmt_pg,seneca,4.513083e-05
__REFERENCE__,abssentrw,9.416603e-12
__REFERENCE__,BART,0.004475442
__REFERENCE__,onmt_pg,0.0004821277
__REFERENCE__,seneca,1.45489e-12
BART,abssentrw,6.018454e-06
onmt_pg,abssentrw,9.785505e-05
abssentrw,seneca,0.3266329
BART,onmt_pg,0.4858131
BART,seneca,2.440456e-06
onmt_pg,seneca,6.153705e-05
__REFERENCE__,abssentrw,3.908165e-14
__REFERENCE__,BART,0.001170178
__REFERENCE__,onmt_pg,0.002745701
__REFERENCE__,seneca,3.639716e-09
BART,abssentrw,5.5456e-06
onmt_pg,abssentrw,3.901194e-09
seneca,abssentrw,0.01082927
BART,onmt_pg,0.824414
BART,seneca,0.009647846
onmt_pg,seneca,0.007277502
__REFERENCE__,abssentrw,1.188397e-20
__REFERENCE__,BART,0.06048243
__REFERENCE__,onmt_pg,0.004194495
__REFERENCE__,seneca,2.190812e-10
BART,abssentrw,5.192242e-14
onmt_pg,abssentrw,2.734435e-14
seneca,abssentrw,0.0005181037
BART,onmt_pg,0.2730263
BART,seneca,3.516216e-07
onmt_pg,seneca,0.0009987284
__REFERENCE__,abssentrw,1.712923e-11
__REFERENCE__,BART,0.001694976
__REFERENCE__,onmt_pg,3.335929e-07
__REFERENCE__,seneca,1.501858e-14
BART,abssentrw,9.374245e-06
onmt_pg,abssentrw,0.002224407
abssentrw,seneca,0.7273531
BART,onmt_pg,0.03151192
BART,seneca,2.93234e-07
onmt_pg,seneca,0.005202986
__REFERENCE__,abssentrw,2.719464e-08
__REFERENCE__,BART,0.3169039
__REFERENCE__,onmt_pg,0.001509544
__REFERENCE__,seneca,1.29198e-06
BART,abssentrw,1.417548e-05
onmt_pg,abssentrw,0.0003047699
abssentrw,seneca,0.07884484
BART,onmt_pg,0.02209867
BART,seneca,5.429487e-05
onmt_pg,seneca,0.05244127
__REFERENCE__,abssentrw,1.737317e-10
__REFERENCE__,BART,0.5528254
__REFERENCE__,onmt_pg,0.1009172
__REFERENCE__,seneca,0.006624446
BART,abssentrw,4.323249e-09
onmt_pg,abssentrw,1.886676e-06
seneca,abssentrw,4.335594e-05
BART,onmt_pg,0.2814597
BART,seneca,0.04821525
onmt_pg,seneca,0.2516342
__REFERENCE__,abssentrw,1.978145e-10
__REFERENCE__,BART,0.00423437
__REFERENCE__,onmt_pg,0.00764462
__REFERENCE__,seneca,1.784242e-07
BART,abssentrw,6.179951e-08
onmt_pg,abssentrw,3.01352e-08
seneca,abssentrw,0.001029815
BART,onmt_pg,0.9812284
BART,seneca,0.009325593
onmt_pg,seneca,0.01881941
__REFERENCE__,abssentrw,5.173952e-08
__REFERENCE__,BART,0.01803877
__REFERENCE__,onmt_pg,0.007786777
__REFERENCE__,seneca,1.59524e-05
BART,abssentrw,1.521168e-06
onmt_pg,abssentrw,1.782026e-05
abssentrw,seneca,0.3051957
BART,onmt_pg,0.6163351
BART,seneca,0.002505662
onmt_pg,seneca,0.003209707
__REFERENCE__,abssentrw,5.768662e-18
__REFERENCE__,BART,0.06278098
__REFERENCE__,onmt_pg,0.0001293779
__REFERENCE__,seneca,5.530438e-08
BART,abssentrw,1.788913e-13
onmt_pg,abssentrw,1.76003e-07
seneca,abssentrw,0.002096012
BART,onmt_pg,0.02196575
BART,seneca,0.0006196759
onmt_pg,seneca,0.1473173
__REFERENCE__,abssentrw,2.173353e-07
__REFERENCE__,BART,0.2353931
__REFERENCE__,onmt_pg,0.03186133
__REFERENCE__,seneca,1.93972e-06
BART,abssentrw,2.322179e-05
onmt_pg,abssentrw,0.0003523258
abssentrw,seneca,0.3639408
BART,onmt_pg,0.1808812
BART,seneca,0.0001347566
onmt_pg,seneca,0.004030597
__REFERENCE__,abssentrw,1.408661e-09
__REFERENCE__,BART,0.1091349
__REFERENCE__,onmt_pg,0.002014537
__REFERENCE__,seneca,1.044697e-09
BART,abssentrw,3.17351e-06
onmt_pg,abssentrw,0.0005137547
abssentrw,seneca,0.9945035
BART,onmt_pg,0.1248295
BART,seneca,1.58829e-06
onmt_pg,seneca,0.000246796
__REFERENCE__,abssentrw,5.79687e-12
__REFERENCE__,BART,0.1144163
__REFERENCE__,onmt_pg,1.462283e-05
__REFERENCE__,seneca,2.849721e-07
BART,abssentrw,3.565611e-07
onmt_pg,abssentrw,0.0005650852
seneca,abssentrw,0.02001743
BART,onmt_pg,0.007486554
BART,seneca,8.834247e-05
onmt_pg,seneca,0.2733959
__REFERENCE__,abssentrw,1.428454e-07
__REFERENCE__,BART,0.4635988
__REFERENCE__,onmt_pg,0.07703172
__REFERENCE__,seneca,0.0002648605
BART,abssentrw,2.362528e-05
onmt_pg,abssentrw,0.001145394
abssentrw,seneca,0.5777343
BART,onmt_pg,0.3162561
BART,seneca,0.000605943
onmt_pg,seneca,0.01765362
__REFERENCE__,abssentrw,1.642422e-16
__REFERENCE__,BART,0.09603746
__REFERENCE__,onmt_pg,0.002046694
__REFERENCE__,seneca,2.736221e-09
BART,abssentrw,5.346322e-09
onmt_pg,abssentrw,6.602661e-09
seneca,abssentrw,0.01075329
BART,onmt_pg,0.2069141
BART,seneca,4.689656e-05
onmt_pg,seneca,0.0004265243
__REFERENCE__,abssentrw,7.230499e-12
__REFERENCE__,BART,0.2427084
__REFERENCE__,onmt_pg,0.0008257317
__REFERENCE__,seneca,1.328797e-10
BART,abssentrw,7.369134e-09
onmt_pg,abssentrw,0.0008089982
abssentrw,seneca,0.6441035
BART,onmt_pg,0.01892227
BART,seneca,2.639296e-08
onmt_pg,seneca,0.001202282
__REFERENCE__,abssentrw,3.426899e-13
__REFERENCE__,BART,0.07412759
__REFERENCE__,onmt_pg,0.01883062
__REFERENCE__,seneca,1.727374e-10
BART,abssentrw,3.84762e-09
onmt_pg,abssentrw,4.871749e-09
seneca,abssentrw,0.02889292
BART,onmt_pg,0.6948982
BART,seneca,8.676501e-07
onmt_pg,seneca,1.679401e-05
__REFERENCE__,abssentrw,6.981174e-18
__REFERENCE__,BART,0.06760162
__REFERENCE__,onmt_pg,0.0004126635
__REFERENCE__,seneca,7.159146e-10
BART,abssentrw,2.153403e-13
onmt_pg,abssentrw,3.10645e-09
seneca,abssentrw,0.000821502
BART,onmt_pg,0.0490364
BART,seneca,3.252244e-06
onmt_pg,seneca,0.003145508
__REFERENCE__,abssentrw,8.109232e-12
__REFERENCE__,BART,0.02931144
__REFERENCE__,onmt_pg,0.00343393
__REFERENCE__,seneca,5.787924e-09
BART,abssentrw,7.568404e-09
onmt_pg,abssentrw,2.130283e-08
seneca,abssentrw,0.01030708
BART,onmt_pg,0.3918891
BART,seneca,0.0002121973
onmt_pg,seneca,0.0005833185
__REFERENCE__,abssentrw,2.621128e-14
__REFERENCE__,BART,0.017329
__REFERENCE__,onmt_pg,0.0009082076
__REFERENCE__,seneca,1.231279e-09
BART,abssentrw,1.002062e-05
onmt_pg,abssentrw,2.581099e-05
seneca,abssentrw,0.04870353
BART,onmt_pg,0.3830592
BART,seneca,0.0007320653
onmt_pg,seneca,0.01099547
__REFERENCE__,abssentrw,2.005381e-09
__REFERENCE__,BART,0.3326319
__REFERENCE__,onmt_pg,0.004523048
__REFERENCE__,seneca,1.926849e-11
BART,abssentrw,5.092028e-09
onmt_pg,abssentrw,1.267435e-05
abssentrw,seneca,0.3733776
BART,onmt_pg,0.04414671
BART,seneca,7.986474e-09
onmt_pg,seneca,5.390148e-05
__REFERENCE__,abssentrw,4.59677e-11
__REFERENCE__,BART,0.276889
__REFERENCE__,onmt_pg,0.5189827
__REFERENCE__,seneca,1.368747e-07
BART,abssentrw,4.129014e-06
onmt_pg,abssentrw,1.417439e-07
abssentrw,seneca,0.2506293
BART,onmt_pg,0.6409426
BART,seneca,1.204264e-06
onmt_pg,seneca,3.999716e-08
__REFERENCE__,abssentrw,1.330871e-09
__REFERENCE__,BART,0.05965209
__REFERENCE__,onmt_pg,0.008983094
__REFERENCE__,seneca,1.057874e-05
BART,abssentrw,1.552474e-05
onmt_pg,abssentrw,0.0002848549
abssentrw,seneca,0.06942826
BART,onmt_pg,0.4646461
BART,seneca,0.009959151
onmt_pg,seneca,0.05482137
__REFERENCE__,abssentrw,1.690594e-08
__REFERENCE__,BART,0.01747142
__REFERENCE__,onmt_pg,0.001021372
__REFERENCE__,seneca,1.762417e-10
BART,abssentrw,9.842934e-05
onmt_pg,abssentrw,0.0003644992
abssentrw,seneca,0.438241
BART,onmt_pg,0.272193
BART,seneca,2.866297e-05
onmt_pg,seneca,0.00136573
__REFERENCE__,abssentrw,1.017147e-05
__REFERENCE__,BART,0.1972715
__REFERENCE__,onmt_pg,0.001572056
__REFERENCE__,seneca,1.176956e-05
BART,abssentrw,0.0002543314
onmt_pg,abssentrw,0.02594018
abssentrw,seneca,0.684153
BART,onmt_pg,0.02136472
BART,seneca,5.592911e-05
onmt_pg,seneca,0.04320977
__REFERENCE__,abssentrw,2.145295e-10
__REFERENCE__,BART,0.0920837
__REFERENCE__,onmt_pg,0.02553124
__REFERENCE__,seneca,2.557005e-07
BART,abssentrw,1.290737e-05
onmt_pg,abssentrw,4.971811e-06
abssentrw,seneca,0.07168527
BART,onmt_pg,0.7607325
BART,seneca,0.002321414
onmt_pg,seneca,0.002294842
__REFERENCE__,abssentrw,7.230614e-07
__REFERENCE__,BART,0.4078242
__REFERENCE__,onmt_pg,0.3053252
__REFERENCE__,seneca,4.695672e-05
BART,abssentrw,2.332646e-05
onmt_pg,abssentrw,1.212893e-05
abssentrw,seneca,0.1146078
BART,onmt_pg,0.8821372
BART,seneca,0.001558502
onmt_pg,seneca,0.001220884
__REFERENCE__,abssentrw,1.4788e-08
__REFERENCE__,BART,0.00358809
__REFERENCE__,onmt_pg,0.001036273
__REFERENCE__,seneca,3.24857e-07
BART,abssentrw,0.0008205943
onmt_pg,abssentrw,0.003968465
abssentrw,seneca,0.2179242
BART,onmt_pg,0.5498383
BART,seneca,0.01183101
onmt_pg,seneca,0.05204582
__REFERENCE__,abssentrw,1.274188e-11
__REFERENCE__,BART,0.006454406
__REFERENCE__,onmt_pg,0.0001599529
__REFERENCE__,seneca,4.520674e-08
BART,abssentrw,2.188374e-06
onmt_pg,abssentrw,6.297475e-06
seneca,abssentrw,0.003638267
BART,onmt_pg,0.2099947
BART,seneca,0.008252264
onmt_pg,seneca,0.1666977
__REFERENCE__,abssentrw,6.335146e-16
__REFERENCE__,BART,0.005773699
__REFERENCE__,onmt_pg,3.328072e-05
__REFERENCE__,seneca,2.210295e-11
BART,abssentrw,4.646397e-07
onmt_pg,abssentrw,2.733956e-05
abssentrw,seneca,0.1441521
BART,onmt_pg,0.12089
BART,seneca,4.086987e-06
onmt_pg,seneca,0.0008350022
__REFERENCE__,abssentrw,5.931253e-15
__REFERENCE__,BART,0.03052517
__REFERENCE__,onmt_pg,0.1194518
__REFERENCE__,seneca,1.41845e-07
BART,abssentrw,2.839743e-16
onmt_pg,abssentrw,7.393087e-17
seneca,abssentrw,0.0001327878
BART,onmt_pg,0.4449033
BART,seneca,8.692049e-07
onmt_pg,seneca,3.387356e-08
__REFERENCE__,abssentrw,2.516101e-10
__REFERENCE__,BART,0.0009839996
__REFERENCE__,onmt_pg,0.0002126403
__REFERENCE__,seneca,1.884394e-11
BART,abssentrw,5.951167e-05
onmt_pg,abssentrw,0.0008278113
abssentrw,seneca,0.5735422
BART,onmt_pg,0.5801241
BART,seneca,5.462908e-05
onmt_pg,seneca,6.97181e-05
__REFERENCE__,abssentrw,5.041895e-11
__REFERENCE__,BART,0.02039984
__REFERENCE__,onmt_pg,0.004697197
__REFERENCE__,seneca,2.240082e-07
BART,abssentrw,2.351542e-05
onmt_pg,abssentrw,0.007915071
abssentrw,seneca,0.4588783
BART,onmt_pg,0.2447334
BART,seneca,0.0001413698
onmt_pg,seneca,0.01281772
__REFERENCE__,abssentrw,5.717713e-21
__REFERENCE__,BART,0.005000152
__REFERENCE__,onmt_pg,0.0002705504
__REFERENCE__,seneca,1.414708e-09
BART,abssentrw,5.548017e-10
onmt_pg,abssentrw,2.623989e-08
seneca,abssentrw,0.001374096
BART,onmt_pg,0.4102354
BART,seneca,0.0004995504
onmt_pg,seneca,0.006667277
__REFERENCE__,abssentrw,2.315569e-09
__REFERENCE__,BART,0.510687
__REFERENCE__,onmt_pg,0.0001582711
__REFERENCE__,seneca,4.049027e-06
BART,abssentrw,6.643089e-07
onmt_pg,abssentrw,0.01333532
abssentrw,seneca,0.4488973
BART,onmt_pg,0.001794553
BART,seneca,2.979357e-05
onmt_pg,seneca,0.1179965
__REFERENCE__,abssentrw,5.949791e-10
__REFERENCE__,BART,0.00049312
__REFERENCE__,onmt_pg,7.577821e-05
__REFERENCE__,seneca,2.025927e-06
BART,abssentrw,0.001727587
onmt_pg,abssentrw,0.01514684
abssentrw,seneca,0.2777383
BART,onmt_pg,0.392234
BART,seneca,0.01127489
onmt_pg,seneca,0.06997815
__REFERENCE__,abssentrw,8.141153e-06
__REFERENCE__,BART,0.1547075
__REFERENCE__,onmt_pg,0.001450916
__REFERENCE__,seneca,7.477548e-08
BART,abssentrw,0.0001495522
onmt_pg,abssentrw,0.00433372
abssentrw,seneca,0.9065329
BART,onmt_pg,0.02782493
BART,seneca,3.634879e-06
onmt_pg,seneca,0.01198604
__REFERENCE__,abssentrw,5.175728e-09
__REFERENCE__,BART,0.1076372
__REFERENCE__,onmt_pg,0.000285314
__REFERENCE__,seneca,1.788175e-06
BART,abssentrw,1.66219e-06
onmt_pg,abssentrw,0.0008317498
abssentrw,seneca,0.09730518
BART,onmt_pg,0.08338055
BART,seneca,0.006143241
onmt_pg,seneca,0.1583003
__REFERENCE__,abssentrw,3.353443e-08
__REFERENCE__,BART,0.1097722
__REFERENCE__,onmt_pg,5.123519e-05
__REFERENCE__,seneca,2.488211e-09
BART,abssentrw,0.0001610881
onmt_pg,abssentrw,0.03222074
abssentrw,seneca,0.8279143
BART,onmt_pg,0.01373254
BART,seneca,6.143792e-05
onmt_pg,seneca,0.02851525
__REFERENCE__,abssentrw,3.902829e-08
__REFERENCE__,BART,0.004562708
__REFERENCE__,onmt_pg,0.001813086
__REFERENCE__,seneca,7.86386e-10
BART,abssentrw,0.0001126193
onmt_pg,abssentrw,0.0004514304
abssentrw,seneca,0.3079652
BART,onmt_pg,0.7427391
BART,seneca,0.0001885572
onmt_pg,seneca,0.0008634363
__REFERENCE__,abssentrw,2.791882e-10
__REFERENCE__,BART,0.002350154
__REFERENCE__,onmt_pg,0.02646663
__REFERENCE__,seneca,9.697604e-10
BART,abssentrw,3.101399e-05
onmt_pg,abssentrw,4.616289e-05
abssentrw,seneca,0.308091
BART,onmt_pg,0.6021148
BART,seneca,0.0005343763
onmt_pg,seneca,0.0001247959
__REFERENCE__,abssentrw,3.15289e-08
__REFERENCE__,BART,0.001495724
__REFERENCE__,onmt_pg,0.01237907
__REFERENCE__,seneca,2.14597e-09
BART,abssentrw,0.005079771
onmt_pg,abssentrw,0.0001270424
abssentrw,seneca,0.5524483
BART,onmt_pg,0.555527
BART,seneca,0.004613203
onmt_pg,seneca,0.0002408362
__REFERENCE__,abssentrw,8.484294e-10
__REFERENCE__,BART,0.1213754
__REFERENCE__,onmt_pg,0.009126379
__REFERENCE__,seneca,2.269927e-08
BART,abssentrw,7.133732e-08
onmt_pg,abssentrw,2.427146e-06
abssentrw,seneca,0.2656067
BART,onmt_pg,0.2826836
BART,seneca,4.895797e-07
onmt_pg,seneca,5.922911e-05
__REFERENCE__,abssentrw,4.357801e-06
__REFERENCE__,BART,0.6119879
__REFERENCE__,onmt_pg,0.0264218
__REFERENCE__,seneca,7.967481e-06
BART,abssentrw,6.811975e-09
onmt_pg,abssentrw,0.0001748052
abssentrw,seneca,0.1041049
BART,onmt_pg,0.05494087
BART,seneca,7.995827e-07
onmt_pg,seneca,0.002338077
__REFERENCE__,abssentrw,8.125474e-12
__REFERENCE__,BART,0.0279794
__REFERENCE__,onmt_pg,4.643681e-05
__REFERENCE__,seneca,9.2122e-07
BART,abssentrw,7.405818e-08
onmt_pg,abssentrw,2.732389e-05
seneca,abssentrw,0.008861141
BART,onmt_pg,0.01668797
BART,seneca,1.922276e-05
onmt_pg,seneca,0.04195868
__REFERENCE__,abssentrw,5.684533e-10
__REFERENCE__,BART,0.02424665
__REFERENCE__,onmt_pg,0.0001422967
__REFERENCE__,seneca,2.516043e-05
BART,abssentrw,1.952592e-05
onmt_pg,abssentrw,0.004637634
abssentrw,seneca,0.09770802
BART,onmt_pg,0.06777586
BART,seneca,0.03119548
onmt_pg,seneca,0.568447
__REFERENCE__,abssentrw,1.119044e-17
__REFERENCE__,BART,0.007828142
__REFERENCE__,onmt_pg,0.008447429
__REFERENCE__,seneca,1.977262e-06
BART,abssentrw,2.358121e-10
onmt_pg,abssentrw,2.277242e-12
seneca,abssentrw,0.0005212912
BART,onmt_pg,0.9585586
BART,seneca,0.01540545
onmt_pg,seneca,0.005288406
__REFERENCE__,abssentrw,6.020858e-15
__REFERENCE__,BART,0.6953409
__REFERENCE__,onmt_pg,0.001198766
__REFERENCE__,seneca,1.052304e-08
BART,abssentrw,3.22758e-11
onmt_pg,abssentrw,7.192948e-08
seneca,abssentrw,0.003129081
BART,onmt_pg,0.007406507
BART,seneca,3.830287e-07
onmt_pg,seneca,0.008448777
__REFERENCE__,abssentrw,3.303488e-11
__REFERENCE__,BART,0.08344138
__REFERENCE__,onmt_pg,0.02854456
__REFERENCE__,seneca,3.563901e-07
BART,abssentrw,7.217906e-08
onmt_pg,abssentrw,1.819715e-08
seneca,abssentrw,0.01688824
BART,onmt_pg,0.5809784
BART,seneca,0.0002865116
onmt_pg,seneca,0.002377995
__REFERENCE__,abssentrw,5.981051e-08
__REFERENCE__,BART,0.2499932
__REFERENCE__,onmt_pg,0.010076
__REFERENCE__,seneca,4.685924e-09
BART,abssentrw,4.458096e-07
onmt_pg,abssentrw,0.000355196
abssentrw,seneca,0.6224872
BART,onmt_pg,0.05374134
BART,seneca,2.355092e-09
onmt_pg,seneca,5.130297e-05
__REFERENCE__,abssentrw,5.484039e-08
__REFERENCE__,BART,0.0107193
__REFERENCE__,onmt_pg,0.000440857
__REFERENCE__,seneca,5.352828e-11
BART,abssentrw,4.454228e-05
onmt_pg,abssentrw,0.0009517857
abssentrw,seneca,0.896272
BART,onmt_pg,0.2147729
BART,seneca,3.632438e-07
onmt_pg,seneca,4.547526e-05
__REFERENCE__,abssentrw,1.985521e-06
__REFERENCE__,BART,0.1123584
__REFERENCE__,onmt_pg,8.856564e-05
__REFERENCE__,seneca,3.640488e-08
BART,abssentrw,3.605186e-05
onmt_pg,abssentrw,0.02586691
abssentrw,seneca,0.3600337
BART,onmt_pg,0.009112972
BART,seneca,1.959077e-05
onmt_pg,seneca,0.0987133
__REFERENCE__,abssentrw,0.001723516
__REFERENCE__,BART,0.126903
__REFERENCE__,onmt_pg,0.001695219
__REFERENCE__,seneca,0.000405619
BART,abssentrw,0.0188796
abssentrw,onmt_pg,0.5051397
abssentrw,seneca,0.8378327
BART,onmt_pg,0.04770659
BART,seneca,0.006504261
onmt_pg,seneca,0.3858096
__REFERENCE__,abssentrw,2.158017e-07
__REFERENCE__,BART,0.9749697
__REFERENCE__,onmt_pg,0.04279639
__REFERENCE__,seneca,0.0001394985
BART,abssentrw,1.978788e-07
onmt_pg,abssentrw,0.001450383
abssentrw,seneca,0.4016361
BART,onmt_pg,0.03624647
BART,seneca,1.415442e-05
onmt_pg,seneca,0.01781514
__REFERENCE__,abssentrw,3.131033e-12
__REFERENCE__,BART,0.08648474
__REFERENCE__,onmt_pg,0.001247275
__REFERENCE__,seneca,0.0001352474
BART,abssentrw,1.456441e-06
onmt_pg,abssentrw,0.000106413
abssentrw,seneca,0.05603236
BART,onmt_pg,0.1299082
BART,seneca,0.007896829
onmt_pg,seneca,0.1754912
__REFERENCE__,abssentrw,5.010494e-10
__REFERENCE__,BART,0.00236346
__REFERENCE__,onmt_pg,0.01253255
__REFERENCE__,seneca,1.309104e-14
BART,abssentrw,1.076969e-05
onmt_pg,abssentrw,2.928292e-07
abssentrw,seneca,0.5466882
BART,onmt_pg,0.7607929
BART,seneca,2.055209e-07
onmt_pg,seneca,9.617211e-09
__REFERENCE__,abssentrw,6.652353e-11
__REFERENCE__,BART,0.06594686
__REFERENCE__,onmt_pg,0.006381871
__REFERENCE__,seneca,1.082292e-07
BART,abssentrw,2.227594e-06
onmt_pg,abssentrw,3.075884e-05
abssentrw,seneca,0.1470612
BART,onmt_pg,0.4079008
BART,seneca,0.0005277786
onmt_pg,seneca,0.003376779
__REFERENCE__,abssentrw,1.577249e-07
__REFERENCE__,BART,0.3805284
__REFERENCE__,onmt_pg,0.0008121571
__REFERENCE__,seneca,6.067842e-08
BART,abssentrw,1.608031e-05
onmt_pg,abssentrw,0.0004490316
abssentrw,seneca,0.217331
BART,onmt_pg,0.01815645
BART,seneca,1.482081e-06
onmt_pg,seneca,0.01409204
__REFERENCE__,abssentrw,1.0
__REFERENCE__,BART,1.0
__REFERENCE__,onmt_pg,1.0
__REFERENCE__,seneca,1.0
abssentrw,BART,1.0
abssentrw,onmt_pg,1.0
abssentrw,seneca,1.0
BART,onmt_pg,1.0
BART,seneca,1.0
onmt_pg,seneca,1.0
__REFERENCE__,abssentrw,1.69405e-08
__REFERENCE__,BART,0.128313
__REFERENCE__,onmt_pg,0.000774292
__REFERENCE__,seneca,9.291918e-08
BART,abssentrw,4.333935e-05
onmt_pg,abssentrw,0.00120943
abssentrw,seneca,0.6204986
BART,onmt_pg,0.05398354
BART,seneca,2.42728e-06
onmt_pg,seneca,0.004614693
__REFERENCE__,abssentrw,1.546717e-08
__REFERENCE__,BART,0.06793097
__REFERENCE__,onmt_pg,0.01757032
__REFERENCE__,seneca,4.781708e-08
BART,abssentrw,8.327008e-05
onmt_pg,abssentrw,5.411521e-05
abssentrw,seneca,0.4640797
BART,onmt_pg,0.6343241
BART,seneca,3.704838e-05
onmt_pg,seneca,0.0008565005
__REFERENCE__,abssentrw,4.387235e-13
__REFERENCE__,BART,0.001427396
__REFERENCE__,onmt_pg,0.0002692722
__REFERENCE__,seneca,3.441234e-14
BART,abssentrw,3.068004e-05
onmt_pg,abssentrw,5.662894e-05
abssentrw,seneca,0.890783
BART,onmt_pg,0.7450809
BART,seneca,4.457543e-06
onmt_pg,seneca,1.332277e-05
__REFERENCE__,abssentrw,1.29406e-13
__REFERENCE__,BART,5.7334e-06
__REFERENCE__,onmt_pg,5.564945e-07
__REFERENCE__,seneca,2.425618e-16
BART,abssentrw,1.71651e-06
onmt_pg,abssentrw,1.447932e-05
abssentrw,seneca,0.3562762
BART,onmt_pg,0.4130731
BART,seneca,2.131499e-06
onmt_pg,seneca,4.469431e-05
__REFERENCE__,abssentrw,9.972696e-15
__REFERENCE__,BART,0.2755451
__REFERENCE__,onmt_pg,0.01146549
__REFERENCE__,seneca,5.130307e-08
BART,abssentrw,3.123658e-11
onmt_pg,abssentrw,1.508844e-07
seneca,abssentrw,0.000216367
BART,onmt_pg,0.141393
BART,seneca,5.348692e-06
onmt_pg,seneca,0.005633697
__REFERENCE__,abssentrw,1.840971e-08
__REFERENCE__,BART,0.0002556664
__REFERENCE__,onmt_pg,2.410093e-05
__REFERENCE__,seneca,6.338905e-09
BART,abssentrw,0.001296373
onmt_pg,abssentrw,0.004952435
abssentrw,seneca,0.404999
BART,onmt_pg,0.3553169
BART,seneca,0.001891221
onmt_pg,seneca,0.00898395
__REFERENCE__,abssentrw,2.476207e-13
__REFERENCE__,BART,0.005563934
__REFERENCE__,onmt_pg,0.016343
__REFERENCE__,seneca,9.919471e-13
BART,abssentrw,2.85392e-07
onmt_pg,abssentrw,4.735332e-08
abssentrw,seneca,0.3115007
BART,onmt_pg,0.6692351
BART,seneca,1.989359e-06
onmt_pg,seneca,2.20801e-07
__REFERENCE__,abssentrw,1.347379e-08
__REFERENCE__,BART,0.3358541
__REFERENCE__,onmt_pg,0.01225928
__REFERENCE__,seneca,6.410258e-06
BART,abssentrw,2.329949e-05
onmt_pg,abssentrw,0.0002898892
abssentrw,seneca,0.06347598
BART,onmt_pg,0.1338344
BART,seneca,0.0001318923
onmt_pg,seneca,0.01210477
__REFERENCE__,abssentrw,9.969794e-09
__REFERENCE__,BART,0.003140733
__REFERENCE__,onmt_pg,5.68965e-06
__REFERENCE__,seneca,3.468399e-07
BART,abssentrw,0.001372222
onmt_pg,abssentrw,0.02874504
abssentrw,seneca,0.2821036
BART,onmt_pg,0.1711336
BART,seneca,0.01375946
onmt_pg,seneca,0.2557729
__REFERENCE__,abssentrw,2.380608e-08
__REFERENCE__,BART,0.06886105
__REFERENCE__,onmt_pg,0.005746902
__REFERENCE__,seneca,5.876511e-09
BART,abssentrw,3.517024e-06
onmt_pg,abssentrw,5.366488e-05
abssentrw,seneca,0.3656124
BART,onmt_pg,0.3114812
BART,seneca,4.439436e-06
onmt_pg,seneca,0.0001211786
__REFERENCE__,abssentrw,4.562534e-07
__REFERENCE__,BART,0.003355724
__REFERENCE__,onmt_pg,0.002116049
__REFERENCE__,seneca,7.398056e-06
BART,abssentrw,0.01248735
onmt_pg,abssentrw,0.01404491
abssentrw,seneca,0.7496807
BART,onmt_pg,0.8834327
BART,seneca,0.03061111
onmt_pg,seneca,0.06581867
__REFERENCE__,abssentrw,1.2226e-16
__REFERENCE__,BART,0.1985959
__REFERENCE__,onmt_pg,0.004611779
__REFERENCE__,seneca,1.430882e-06
BART,abssentrw,3.835866e-11
onmt_pg,abssentrw,4.732864e-09
seneca,abssentrw,0.001882744
BART,onmt_pg,0.08264435
BART,seneca,8.691677e-06
onmt_pg,seneca,0.009159255
__REFERENCE__,abssentrw,1.280201e-10
__REFERENCE__,BART,0.1855026
__REFERENCE__,onmt_pg,0.001742854
__REFERENCE__,seneca,1.67644e-10
BART,abssentrw,2.653468e-08
onmt_pg,abssentrw,0.003720667
abssentrw,seneca,0.7151852
BART,onmt_pg,0.01213867
BART,seneca,8.664252e-10
onmt_pg,seneca,0.0006693944
__REFERENCE__,abssentrw,7.627922e-13
__REFERENCE__,BART,0.05984134
__REFERENCE__,onmt_pg,0.02830278
__REFERENCE__,seneca,5.077493e-08
BART,abssentrw,7.096152e-08
onmt_pg,abssentrw,1.00945e-09
seneca,abssentrw,0.0175337
BART,onmt_pg,0.8994107
BART,seneca,0.0002661301
onmt_pg,seneca,0.001008215
__REFERENCE__,abssentrw,1.962838e-08
__REFERENCE__,BART,0.2425957
__REFERENCE__,onmt_pg,0.0003459915
__REFERENCE__,seneca,3.502253e-09
BART,abssentrw,0.0004548079
onmt_pg,abssentrw,0.0008489598
abssentrw,seneca,0.2463035
BART,onmt_pg,0.05991169
BART,seneca,7.746211e-05
onmt_pg,seneca,0.03312803
__REFERENCE__,abssentrw,4.105996e-15
__REFERENCE__,BART,0.5191579
__REFERENCE__,onmt_pg,0.06282472
__REFERENCE__,seneca,1.120676e-07
BART,abssentrw,1.410736e-11
onmt_pg,abssentrw,1.261402e-09
seneca,abssentrw,0.002903567
BART,onmt_pg,0.2008089
BART,seneca,7.487032e-07
onmt_pg,seneca,0.0001175344
__REFERENCE__,abssentrw,1.214152e-14
__REFERENCE__,BART,0.0004441715
__REFERENCE__,onmt_pg,4.651918e-05
__REFERENCE__,seneca,3.763056e-10
BART,abssentrw,3.313326e-09
onmt_pg,abssentrw,1.542328e-09
seneca,abssentrw,0.003570511
BART,onmt_pg,0.3193554
BART,seneca,0.0001997677
onmt_pg,seneca,0.006064317
__REFERENCE__,abssentrw,7.405992e-11
__REFERENCE__,BART,0.2894711
__REFERENCE__,onmt_pg,0.005201524
__REFERENCE__,seneca,2.693623e-05
BART,abssentrw,2.428655e-08
onmt_pg,abssentrw,5.207681e-07
seneca,abssentrw,0.00696471
BART,onmt_pg,0.07493966
BART,seneca,0.001255914
onmt_pg,seneca,0.1457591
__REFERENCE__,abssentrw,4.080768e-08
__REFERENCE__,BART,0.07951742
__REFERENCE__,onmt_pg,0.001313184
__REFERENCE__,seneca,1.577839e-07
BART,abssentrw,5.556121e-05
onmt_pg,abssentrw,0.001522565
abssentrw,seneca,0.4557882
BART,onmt_pg,0.1519405
BART,seneca,0.0005011074
onmt_pg,seneca,0.006856875
__REFERENCE__,abssentrw,1.371233e-12
__REFERENCE__,BART,0.02968699
__REFERENCE__,onmt_pg,0.01376351
__REFERENCE__,seneca,2.816776e-13
BART,abssentrw,1.806682e-06
onmt_pg,abssentrw,2.566701e-06
abssentrw,seneca,0.5218846
BART,onmt_pg,0.7082615
BART,seneca,1.478037e-06
onmt_pg,seneca,7.586812e-06
__REFERENCE__,abssentrw,1.356479e-12
__REFERENCE__,BART,0.02522198
__REFERENCE__,onmt_pg,0.005115214
__REFERENCE__,seneca,1.849905e-10
BART,abssentrw,5.075673e-09
onmt_pg,abssentrw,1.805344e-06
abssentrw,seneca,0.09549822
BART,onmt_pg,0.527229
BART,seneca,1.268813e-07
onmt_pg,seneca,1.162517e-05
__REFERENCE__,abssentrw,2.693961e-09
__REFERENCE__,BART,0.0002931781
__REFERENCE__,onmt_pg,1.240052e-05
__REFERENCE__,seneca,1.486384e-11
BART,abssentrw,0.000527547
onmt_pg,abssentrw,0.00148183
abssentrw,seneca,0.7675042
BART,onmt_pg,0.4283878
BART,seneca,0.0001387315
onmt_pg,seneca,0.001165205
__REFERENCE__,abssentrw,2.405257e-07
__REFERENCE__,BART,0.1244989
__REFERENCE__,onmt_pg,0.01631453
__REFERENCE__,seneca,2.339293e-06
BART,abssentrw,0.0001352752
onmt_pg,abssentrw,0.001374209
abssentrw,seneca,0.06868826
BART,onmt_pg,0.3197872
BART,seneca,0.0005661013
onmt_pg,seneca,0.03570796
__REFERENCE__,abssentrw,1.302959e-08
__REFERENCE__,BART,0.07429715
__REFERENCE__,onmt_pg,0.00563709
__REFERENCE__,seneca,6.695823e-07
BART,abssentrw,3.484563e-08
onmt_pg,abssentrw,1.573533e-06
seneca,abssentrw,0.02123113
BART,onmt_pg,0.3117213
BART,seneca,0.0002861399
onmt_pg,seneca,0.005550787
__REFERENCE__,abssentrw,4.413468e-11
__REFERENCE__,BART,0.431494
__REFERENCE__,onmt_pg,0.01350727
__REFERENCE__,seneca,0.00128077
BART,abssentrw,4.477963e-10
onmt_pg,abssentrw,6.963288e-07
seneca,abssentrw,0.0008530855
BART,onmt_pg,0.1235102
BART,seneca,0.01350508
onmt_pg,seneca,0.3557669
__REFERENCE__,abssentrw,9.476764e-09
__REFERENCE__,BART,0.1386212
__REFERENCE__,onmt_pg,0.007731124
__REFERENCE__,seneca,1.071491e-07
BART,abssentrw,0.0001847377
onmt_pg,abssentrw,0.00265067
abssentrw,seneca,0.7447712
BART,onmt_pg,0.2198574
BART,seneca,0.0001598962
onmt_pg,seneca,0.001203805
__REFERENCE__,abssentrw,4.556613e-16
__REFERENCE__,BART,4.367138e-05
__REFERENCE__,onmt_pg,0.0003972077
__REFERENCE__,seneca,1.044079e-12
BART,abssentrw,2.65443e-05
onmt_pg,abssentrw,5.702311e-06
abssentrw,seneca,0.7891624
BART,onmt_pg,0.4988117
BART,seneca,4.343277e-05
onmt_pg,seneca,3.806737e-06
__REFERENCE__,abssentrw,3.864833e-06
__REFERENCE__,BART,0.02857333
__REFERENCE__,onmt_pg,0.0007434925
__REFERENCE__,seneca,4.778151e-09
BART,abssentrw,0.008070314
onmt_pg,abssentrw,0.03570783
abssentrw,seneca,0.99235
BART,onmt_pg,0.2266529
BART,seneca,6.472589e-05
onmt_pg,seneca,0.001292696
__REFERENCE__,abssentrw,1.20249e-07
__REFERENCE__,BART,0.008826045
__REFERENCE__,onmt_pg,0.002916563
__REFERENCE__,seneca,1.714466e-06
BART,abssentrw,0.0001062686
onmt_pg,abssentrw,0.0008122826
abssentrw,seneca,0.1818655
BART,onmt_pg,0.4976105
BART,seneca,0.0007990125
onmt_pg,seneca,0.00619461
__REFERENCE__,abssentrw,7.983248e-10
__REFERENCE__,BART,0.1719056
__REFERENCE__,onmt_pg,0.02110334
__REFERENCE__,seneca,2.020403e-05
BART,abssentrw,2.313268e-09
onmt_pg,abssentrw,3.814439e-08
seneca,abssentrw,0.01273169
BART,onmt_pg,0.2175131
BART,seneca,0.0001566774
onmt_pg,seneca,0.00918506
__REFERENCE__,abssentrw,6.336018e-11
__REFERENCE__,BART,0.003986422
__REFERENCE__,onmt_pg,3.443457e-05
__REFERENCE__,seneca,3.615908e-08
BART,abssentrw,3.008451e-05
onmt_pg,abssentrw,0.0008334562
abssentrw,seneca,0.4277503
BART,onmt_pg,0.2009166
BART,seneca,0.0001358487
onmt_pg,seneca,0.03223078
__REFERENCE__,abssentrw,6.623205e-09
__REFERENCE__,BART,0.1119551
__REFERENCE__,onmt_pg,0.0007255591
__REFERENCE__,seneca,1.341719e-08
BART,abssentrw,7.197302e-05
onmt_pg,abssentrw,0.000975728
abssentrw,seneca,0.6974286
BART,onmt_pg,0.1032087
BART,seneca,1.671413e-05
onmt_pg,seneca,0.002093543
__REFERENCE__,abssentrw,1.971291e-08
__REFERENCE__,BART,0.04189831
__REFERENCE__,onmt_pg,0.0023041
__REFERENCE__,seneca,8.017925e-10
BART,abssentrw,0.0002447914
onmt_pg,abssentrw,0.005485279
abssentrw,seneca,0.9102589
BART,onmt_pg,0.3075483
BART,seneca,2.500633e-05
onmt_pg,seneca,0.000992822
__REFERENCE__,abssentrw,1.641478e-07
__REFERENCE__,BART,0.7265261
__REFERENCE__,onmt_pg,0.05564648
__REFERENCE__,seneca,2.290934e-06
BART,abssentrw,5.004009e-07
onmt_pg,abssentrw,3.805697e-05
abssentrw,seneca,0.1240298
BART,onmt_pg,0.1066917
BART,seneca,7.4697e-06
onmt_pg,seneca,0.004170839
__REFERENCE__,abssentrw,8.026986e-09
__REFERENCE__,BART,0.03617547
__REFERENCE__,onmt_pg,0.03817092
__REFERENCE__,seneca,6.338642e-08
BART,abssentrw,5.818833e-07
onmt_pg,abssentrw,1.667185e-05
abssentrw,seneca,0.3778536
BART,onmt_pg,0.8696097
BART,seneca,1.215313e-07
onmt_pg,seneca,4.358867e-07
__REFERENCE__,abssentrw,3.207347e-10
__REFERENCE__,BART,0.2089933
__REFERENCE__,onmt_pg,0.01687248
__REFERENCE__,seneca,3.701551e-07
BART,abssentrw,3.779134e-07
onmt_pg,abssentrw,7.989935e-05
abssentrw,seneca,0.135118
BART,onmt_pg,0.1558053
BART,seneca,2.510301e-05
onmt_pg,seneca,0.003046861
__REFERENCE__,abssentrw,9.254254e-09
__REFERENCE__,BART,0.2027553
__REFERENCE__,onmt_pg,0.0313936
__REFERENCE__,seneca,2.582621e-06
BART,abssentrw,1.595529e-07
onmt_pg,abssentrw,1.887521e-05
abssentrw,seneca,0.116758
BART,onmt_pg,0.1592873
BART,seneca,4.746892e-06
onmt_pg,seneca,0.0008760857
__REFERENCE__,abssentrw,1.011712e-08
__REFERENCE__,BART,0.03433019
__REFERENCE__,onmt_pg,0.000739856
__REFERENCE__,seneca,1.847607e-08
BART,abssentrw,5.32097e-06
onmt_pg,abssentrw,0.0009685059
abssentrw,seneca,0.3146165
BART,onmt_pg,0.2120338
BART,seneca,0.001180914
onmt_pg,seneca,0.04395748
__REFERENCE__,abssentrw,1.095102e-12
__REFERENCE__,BART,0.3383385
__REFERENCE__,onmt_pg,0.008887559
__REFERENCE__,seneca,3.567492e-08
BART,abssentrw,4.343393e-11
onmt_pg,abssentrw,4.723271e-07
abssentrw,seneca,0.05535971
BART,onmt_pg,0.06009162
BART,seneca,8.372232e-07
onmt_pg,seneca,0.001804115
__REFERENCE__,abssentrw,1.0
__REFERENCE__,BART,1.0
__REFERENCE__,onmt_pg,1.0
__REFERENCE__,seneca,1.0
abssentrw,BART,1.0
abssentrw,onmt_pg,1.0
abssentrw,seneca,1.0
BART,onmt_pg,1.0
BART,seneca,1.0
onmt_pg,seneca,1.0
__REFERENCE__,abssentrw,2.612212e-08
__REFERENCE__,BART,0.02649525
__REFERENCE__,onmt_pg,0.01140632
__REFERENCE__,seneca,1.59564e-08
BART,abssentrw,8.785009e-05
onmt_pg,abssentrw,1.302068e-06
abssentrw,seneca,0.07024794
BART,onmt_pg,0.9086344
BART,seneca,0.000209489
onmt_pg,seneca,9.606385e-05
__REFERENCE__,abssentrw,1.009912e-05
__REFERENCE__,BART,0.2637004
__REFERENCE__,onmt_pg,0.02916506
__REFERENCE__,seneca,1.576586e-05
BART,abssentrw,0.0001367406
onmt_pg,abssentrw,0.0009405241
abssentrw,seneca,0.4926396
BART,onmt_pg,0.2247608
BART,seneca,0.0001288319
onmt_pg,seneca,0.003262386
__REFERENCE__,abssentrw,8.549563e-18
__REFERENCE__,BART,0.00618888
__REFERENCE__,onmt_pg,1.873161e-06
__REFERENCE__,seneca,6.270527e-07
BART,abssentrw,4.030132e-07
onmt_pg,abssentrw,0.0004832162
seneca,abssentrw,0.00876548
BART,onmt_pg,0.02359772
BART,seneca,0.007553071
onmt_pg,seneca,0.3965559
__REFERENCE__,abssentrw,7.116727e-13
__REFERENCE__,BART,0.07121591
__REFERENCE__,onmt_pg,0.02385892
__REFERENCE__,seneca,1.305937e-10
BART,abssentrw,1.668417e-09
onmt_pg,abssentrw,8.5444e-11
seneca,abssentrw,0.04385653
BART,onmt_pg,0.8599269
BART,seneca,1.118528e-05
onmt_pg,seneca,2.639874e-06
__REFERENCE__,abssentrw,5.062774e-08
__REFERENCE__,BART,0.3695284
__REFERENCE__,onmt_pg,0.002686845
__REFERENCE__,seneca,4.077045e-07
BART,abssentrw,8.829527e-06
onmt_pg,abssentrw,0.005436214
abssentrw,seneca,0.872107
BART,onmt_pg,0.04459864
BART,seneca,1.128585e-06
onmt_pg,seneca,0.01038112
